idx,url,title,date,text_file,image_files,extracted_locations,latitude,longitude
1,https://www.bbc.com/news/videos/c6252gnlnjgo,Moment pagoda collapses in Myanmar after earthquake,2025-03-28,text_1.txt,images/image_1_1.jpg,Myanmar,17.1750495,95.9999652
2,https://www.bbc.com/news/articles/cgm1m0j4k9go,King sends message of condolence after Myanmar earthquake,2025-03-28,text_2.txt,images/image_2_1.jpg,Myanmar,17.1750495,95.9999652
3,https://www.npr.org/2025/03/29/g-s1-57186/photos-see-the-aftermath-of-the-earthquake-in-myanmar-and-thailand,Photos: See the aftermath of the earthquake in Myanmar and Thailand,2025-03-28,text_3.txt,images/image_3_1.jpg,"Thailand, Myanmar",14.8971921,100.83273
4,https://www.bbc.com/news/articles/cy7x7r8m3xlo,Junta carries out fresh air strikes against rebels after devastation,2025-03-28,text_4.txt,images/image_4_1.jpg,"Naung Lin Village, Myanmar",,
5,https://abcnews.go.com/International/myanmar-thailand-earthquake-photos/story?id=120260363,"PHOTOS: See the destruction in Myanmar, Thailand from 7.7 magnitude earthquake",2025-03-28,text_5.txt,images/image_5_1.jpg,"Bangkok, Thailand, Southeast Asia, Myanmar",13.7524938,100.4935089
6,https://www.npr.org/2025/03/29/g-s1-57121/myanmar-earthquake-death-toll-jumps,"Myanmar's earthquake death toll jumps to more than 1,000 as more bodies are recovered",2025-03-28,text_6.txt,images/image_6_1.jpg,Myanmar,17.1750495,95.9999652
7,https://www.bbc.com/news/videos/cx2x2xle5g5o,"Bridge collapses into river in Mandalay, Myanmar",2025-03-28,text_7.txt,images/image_7_1.jpg,"Myanmar, Mandalay",17.1750495,95.9999652
8,https://time.com/7272824/how-to-help-victims-of-myanmar-earthquake-thailand-relief-efforts/,How to Help Victims of the Myanmar Earthquake,2025-03-28,text_8.txt,images/image_8_1.jpg,"Southeast Asia, Myanmar",-8.7287308,115.2365646
9,https://abcnews.go.com/International/77-magnitude-earthquake-rocks-southeast-asia/story?id=120247883,7.7 magnitude earthquake rocks Southeast Asia,2025-03-28,text_9.txt,images/image_9_1.jpg,"LONDON, Southeast Asia, Mandalay",51.4893335,-0.14405508452768728
10,https://time.com/7272441/earthquake-thailand-myanmar-bangkok-building-collapse-death-toll/,Bangkok High-Rise Collapses After Massive Earthquake Rocks Thailand and Myanmar,2025-03-28,text_10.txt,images/image_10_1.jpg,"Bangkok, Thailand, Myanmar",13.7524938,100.4935089
11,https://www.bbc.com/news/articles/c07z7kg5784o,State of emergency declared in Myanmar after huge earthquake,2025-03-28,text_11.txt,images/image_11_1.jpg,"Sagaing, China, Thailand, Myanmar",24.4768486,95.47473996361609
12,https://www.bbc.com/news/videos/cewkwe9z4g9o,Myanmar earthquake: Moment rescuers pull woman alive from rubble,2025-03-28,text_12.txt,images/image_12_1.jpg,"Mandalay, Myanmar",21.9596834,96.0948743
13,https://deadline.com/2025/03/thailand-myanmar-earthquake-dramatic-images-hundreds-feared-dead-1236353283/,Dramatic Pictures Emerge From Earthquake In Thailand & Myanmar As Hundreds Feared Dead,2025-03-28,text_13.txt,images/image_13_1.jpg,"+1561, The United States, Thailand, Myanmar",55.66070891836735,12.562672136734694
14,https://www.bbc.com/news/articles/c8d4dn18nzgo,What caused the Myanmar earthquake - and why did it cause a building in Bangkok to collapse?,2025-03-28,text_14.txt,images/image_14_1.jpg,"Bangkok, Myanmar",13.7524938,100.4935089
15,https://www.bbc.com/news/articles/c5y0y1py7ppo,"Myanmar quake toll passes 1,600 as people dig for survivors with bare hands",2025-03-28,text_15.txt,images/image_15_1.jpg,Myanmar,17.1750495,95.9999652
16,https://www.scientificamerican.com/article/what-caused-the-magnitude-7-7-myanmar-and-thailand-earthquake/,What Caused the Magnitude 7.7 Myanmar and Thailand Earthquake?,2025-03-28,text_16.txt,images/image_16_1.jpg,"Thailand, Southeast Asia, Myanmar",14.8971921,100.83273
17,https://www.yahoo.com/news/aid-rescuers-quake-hit-myanmar-103734101.html,'We need aid': rescuers in quake-hit Myanmar city plead for help,2025-03-28,text_17.txt,images/image_17_1.jpg,Myanmar,17.1750495,95.9999652
18,https://www.aljazeera.com/news/2025/3/29/myanmar-thailand-earthquake-death-toll-passes-700,Myanmar-Thailand earthquake death toll passes 700,2025-03-28,text_18.txt,images/image_18_1.jpg,"Thailand, Myanmar",14.8971921,100.83273
19,https://www.bbc.com/news/articles/c4gpgylq0qno,"At least 15 still alive under Bangkok skyscraper rubble, rescuers say",2025-03-28,text_19.txt,images/image_19_1.jpg,Bangkok,13.7524938,100.4935089
20,https://www.aljazeera.com/news/2025/3/29/lack-of-equipment-stalls-race-to-save-earthquake-survivors-in-myanmar,Lack of equipment stalls race to save earthquake survivors in Myanmar,2025-03-28,text_20.txt,images/image_20_1.jpg,"Bangkok, Myanmar, Mandalay",13.7524938,100.4935089
21,https://www.aljazeera.com/features/2025/3/28/why-is-myanmar-so-prone-to-earthquakes,What caused the powerful Myanmar and Thailand earthquake?,2025-03-28,text_21.txt,images/image_21_1.jpg,"India, Cambodia, Thailand, Eurasia, Myanmar",22.3511148,78.6677428
22,https://www.aljazeera.com/news/2025/3/29/myanmar-quake-muslims-feared-dead-destroyed-mosques,"Hundreds of Muslims feared dead in Myanmar earthquake, mosques destroyed",2025-03-28,text_22.txt,images/image_22_1.jpg,Myanmar,17.1750495,95.9999652
23,https://www.boredpanda.com/massive-earthquake-hit-myanmar/,Horrifying Scenes Of Myanmar’s Massive Earthquake Caught On Camera,2025-03-28,text_23.txt,images/image_23_1.jpg,"Bangkok, Southeast Asia, Myanmar",13.7524938,100.4935089
24,https://www.forbes.com/sites/unicefusa/2025/03/28/powerful-earthquake-strikes-myanmar/,Powerful Earthquake Strikes Myanmar,2025-03-28,text_24.txt,images/image_24_1.jpg,Myanmar,17.1750495,95.9999652
25,https://www.aljazeera.com/news/2025/3/28/magnitude-7-7-earthquake-in-myanmar-tremors-felt-in-thailand-all-we-know,Magnitude 7.7 earthquake in Myanmar; tremors felt in Thailand: All we know,2025-03-28,text_25.txt,images/image_25_1.jpg,"Thailand, Myanmar",14.8971921,100.83273
26,https://www.cbc.ca/news/world/myanmar-earthquake-thailand-1.7495795,"Strong earthquake strikes central Myanmar, shakes buildings in Thailand",2025-03-28,text_26.txt,,"Bangkok, Thailand, Mandalay, Myanmar",13.7524938,100.4935089
27,https://www.cbc.ca/news/world/myanmar-earthquake-sunday-1.7497290,Aid rushes into Myanmar as quake's death toll continues to rise,2025-03-28,text_27.txt,,"Thailand, Southeast Asia, Myanmar",14.8971921,100.83273
28,https://www.livescience.com/planet-earth/earthquakes/this-is-a-very-big-earthquake-the-science-behind-myanmars-magnitude-7-7-earthquake,'This is a very big earthquake': The science behind Myanmar's magnitude 7.7 earthquake,2025-03-28,text_28.txt,images/image_28_1.jpg,"China, Burma, Thail, Myanmar",35.0000663,104.999955
29,https://www.cbc.ca/news/world/myanmar-earthquake-death-toll-rises-1.7496977,Myanmar quake death toll rises to nearly 700 as international aid starts to arrive,2025-03-28,text_29.txt,,Myanmar,17.1750495,95.9999652
30,https://www.eonline.com/news/1415411/myanmar-thailand-devastated-by-earthquake,Powerful 7.7 Magnitude Earthquake Hits Myanmar and Thailand,2025-03-28,text_30.txt,images/image_30_1.jpg,"Asia, Thailand, Myanmar",51.2086975,89.2343748
31,http://skift.com/2025/03/28/myanmar-earthquake-emergency-travel-advice-issued/,Myanmar Earthquake: Emergency Travel Advice Issued as Thailand Also Assesses Damage,2025-03-28,text_31.txt,images/image_31_1.jpg,"Thailand, Myanmar",14.8971921,100.83273
32,https://www.abc.net.au/news/2025-03-28/magnitude-7-7-earthquake-strikes-myanmar/105110670,Breaking: Magnitude-7.7 earthquake strikes central Myanmar,2025-03-28,text_32.txt,images/image_32_1.jpg,"Vietnam, Thailand, Myanmar",15.9266657,107.9650855
33,https://www.rt.com/news/614931-myanmar-earthquake-thailand-mandalay/,"Death toll from earthquake in Myanmar surpasses 1,000 (VIDEOS)",2025-03-28,text_33.txt,images/image_33_1.jpg,Myanmar,17.1750495,95.9999652
34,https://www.abc.net.au/news/2025-03-30/myanmar-earthquake-prompts-partial-ceasefire/105113590,Myanmar resistance movement announces partial ceasefire in wake of earthquake,2025-03-28,text_34.txt,images/image_34_1.jpg,Myanmar,17.1750495,95.9999652
35,https://www.dw.com/en/deadly-earthquake-hits-myanmar-and-thailand/a-72065550,"Many feared dead as powerful earthquake hits Myanmar, Thailand",2025-03-28,text_35.txt,images/image_35_1.jpg,"US, Thailand, Mandalay, Myanmar",39.7837304,-100.445882
36,https://www.dw.com/en/many-dead-as-powerful-earthquake-hits-myanmar-thailand/a-72065550,"Many dead as powerful earthquake hits Myanmar, Thailand",2025-03-28,text_36.txt,images/image_36_1.jpg,"Thailand, Mandalay, Myanmar",14.8971921,100.83273
37,https://www.bbc.com/news/articles/c15q5zegd34o?xtor=AL-72-%5Bpartner%5D-%5Byahoo.north.america%5D-%5Bheadline%5D-%5Bnews%5D-%5Bbizdev%5D-%5Bisapi%5D,Residents describe horror in aftermath of earthquake in Myanmar,2025-03-28,text_37.txt,images/image_37_1.jpg,"Yangon, Thailand, Myanmar",16.7967129,96.1609916
38,https://www.cbsnews.com/news/myanmar-earthquake-death-toll-jumps-search-efforts-continue/,"More than 1,000 killed in Myanmar earthquake as search efforts continue",2025-03-28,text_38.txt,images/image_38_1.jpg,"Burma, Myanmar",17.1750495,95.9999652
39,https://www.bbc.com/news/articles/cy7x7r8m3xlo?xtor=AL-72-%5Bpartner%5D-%5Byahoo.north.america%5D-%5Bheadline%5D-%5Bnews%5D-%5Bbizdev%5D-%5Bisapi%5D,Myanmar junta continues air strikes after devastating earthquake,2025-03-28,text_39.txt,images/image_39_1.jpg,Myanmar,17.1750495,95.9999652
40,https://www.breitbart.com/asia/2025/03/28/photos-violent-earthquakes-rock-thailand-and-myanmar-7-7-magnitude-quake-collapses-high-rise-in-bangkok/,"PHOTOS: Violent Earthquakes Rock Thailand and Myanmar, 7.7 Magnitude Quake Collapses High-Rise in Bangkok",2025-03-28,text_40.txt,images/image_40_1.jpg,"Bangkok, Thailand, Southeast Asia, Myanmar",13.7524938,100.4935089
41,https://www.ibtimes.com/myanmar-quake-what-we-know-3768087,Myanmar Quake: What We Know,2025-03-28,text_41.txt,images/image_41_1.jpg,"Thailand, Myanmar",14.8971921,100.83273
42,https://www.naturalnews.com/2025-03-28-catastrophic-earthquake-myanmar-thailand-death-toll-thousands.html,"Catastrophic 7.7 earthquake devastates Myanmar and Thailand; death toll could reach 100,000",2025-03-28,text_42.txt,images/image_42_1.jpg,"India, Mandalay, China, Thailand, Myanmar",22.3511148,78.6677428
43,https://www.dw.com/en/myanmar-earthquake-death-toll-jumps-to-over-1600/live-72080533,"Myanmar earthquake death toll jumps to over 1,600",2025-03-28,text_43.txt,images/image_43_1.jpg,Myanmar,17.1750495,95.9999652
44,https://cointelegraph.com/news/cz-will-donate-bnb-thailand-myanmar-relief,"Zhao pledges BNB for Thailand, Myanmar disaster relief",2025-03-28,text_44.txt,,"Binance, Thailand, Myanmar",48.8161782,2.3289236
45,https://www.thestar.com.my/aseanplus/aseanplus-news/2025/03/29/malaysia-deploys-50-member-humanitarian-team-to-myanmar-following-deadly-quake,Malaysia deploys 50-member humanitarian team to Myanmar following deadly quake,2025-03-28,text_45.txt,images/image_45_1.jpg,"Malaysia, Myanmar",4.5693754,102.2656823
46,https://www.ibtimes.com/scientists-explain-why-myanmar-quake-was-so-deadly-3768107,Scientists Explain Why Myanmar Quake Was So Deadly,2025-03-28,text_46.txt,images/image_46_1.jpg,Myanmar,17.1750495,95.9999652
47,https://www.ibtimes.com/we-need-aid-rescuers-quake-hit-myanmar-city-plead-help-3768118,'We Need Aid': Rescuers In Quake-hit Myanmar City Plead For Help,2025-03-28,text_47.txt,images/image_47_1.jpg,Myanmar,17.1750495,95.9999652
48,https://www.dw.com/en/myanmar-thailand-earthquake-dozens-dead-in-powerful-quake/live-72073183,"Myanmar earthquake: Dozens dead in power quake, junta says",2025-03-28,text_48.txt,images/image_48_1.jpg,"Bangkok, Thailand, Myanmar",13.7524938,100.4935089
49,https://www.dw.com/en/major-earthquake-hits-myanmar-felt-in-bangkok/a-72065550,"Major earthquake hits Myanmar, felt in Bangkok",2025-03-28,text_49.txt,images/image_49_1.jpg,"Bangkok, Germany, Myanmar",13.7524938,100.4935089
50,https://www.bangkokpost.com/thailand/general/2989866/powerful-quake-in-myanmar-felt-in-bangkok,Quake in Myanmar felt in BKK,2025-03-28,text_50.txt,images/image_50_1.jpg,"Bangkok, Myanmar",13.7524938,100.4935089
51,https://www.lionsroar.com/myanmars-major-earthquake-and-how-to-help/,Myanmar’s major earthquake — and how to help,2025-03-28,text_51.txt,images/image_51_1.jpg,"Vietnam, India, Mandalay, China, Thailand, Myanmar",15.9266657,107.9650855
52,https://japantoday.com/category/world/powerful-quake-in-southeast-asia-kills-several-myanmar-declares-state-of-emergency,Powerful quake in Southeast Asia kills several: Myanmar declares state of emergency,2025-03-28,text_52.txt,,"Bangkok, Southeast Asia, Myanmar",13.7524938,100.4935089
53,https://www.bangkokpost.com/world/2990019/at-least-13-dead-in-myanmar-after-strong-earthquake,At least 13 dead in Myanmar after strong earthquake,2025-03-28,text_53.txt,images/image_53_1.jpg,"Bangkok, Thailand, Southeast Asia, Myanmar",13.7524938,100.4935089
54,https://www.bostonherald.com/2025/03/29/what-to-know-about-earthquakes-like-the-one-that-hit-myanmar/,What to know about earthquakes like the one that hit Myanmar,2025-03-28,text_54.txt,images/image_54_1.jpg,"Bangkok, Earth, Mandalay, Myanmar",13.7524938,100.4935089
55,https://www.ibtimes.com/rescuers-dig-survivors-after-huge-quake-hits-myanmar-thailand-3768085,"Rescuers Dig For Survivors After Huge Quake Hits Myanmar, Thailand",2025-03-28,text_55.txt,images/image_55_1.jpg,"Thailand, Myanmar",14.8971921,100.83273
56,https://www.channelnewsasia.com/asia/myanmar-strong-earthquake-bangkok-panic-5030091,"Strong earthquake strikes central Myanmar, panic in Bangkok",2025-03-28,text_56.txt,images/image_56_1.jpg,"Bangkok, Myanmar",13.7524938,100.4935089
57,https://www.bangkokpost.com/world/2990624/quake-struck-as-worshippers-gathered-for-ramadan-prayers-in-myanmar,Myanmar quake struck mosques as minority Muslims gathered for Ramadan prayers,2025-03-28,text_57.txt,images/image_57_1.jpg,"Mandalay, Myanmar",21.9596834,96.0948743
58,http://foreignpolicy.com/2025/03/28/earthquake-myanmar-thailand-military-junta-natural-disaster/,Deadly 7.7 Magnitude Earthquake Rocks Myanmar,2025-03-28,text_58.txt,,"Beirut, Philippines, U.S., Myanmar",33.88922645,35.50255852895232
59,https://www.thestar.com.my/news/nation/2025/03/29/bangkok-embassy-sealed,Bangkok embassy sealed,2025-03-28,text_59.txt,images/image_59_1.jpg,Bangkok,13.7524938,100.4935089
60,https://www.abc.net.au/news/2025-03-28/building-collapse-myanmar-earthquake-thailand-blog/105110820,Live: State of emergency declared in Bangkok after magnitude-7.7 earthquake hits Myanmar,2025-03-28,text_60.txt,images/image_60_1.jpg,"Vietnam, Bangkok, Thailand, Myanmar",15.9266657,107.9650855
61,https://www.bangkokpost.com/world/2990019/strong-quake-leaves-at-least-20-dead-in-myanmar,Strong quake leaves at least 20 dead in Myanmar,2025-03-28,text_61.txt,images/image_61_1.jpg,"Bangkok, Thailand, Southeast Asia, Myanmar",13.7524938,100.4935089
62,https://www.newsweek.com/myanmar-earthquake-death-toll-disaster-2052504,"Myanmar Earthquake Death Toll Could Be up to 100,000: USGS",2025-03-28,text_62.txt,images/image_62_1.jpg,"Thailand, Myanmar",14.8971921,100.83273
63,https://japantoday.com/category/world/powerful-earthquake-kills-more-than-140-in-myanmar-death-toll-likely-to-rise,Powerful earthquake kills more than 140 in Myanmar; death toll likely to rise,2025-03-28,text_63.txt,,"Thailand, Myanmar",14.8971921,100.83273
64,https://1000mg.jp/229008/,【動画】激しく揺れる家屋、震源地近くで撮影されたミャンマー大地震の映像。,2025-03-28,text_64.txt,images/image_64_1.jpg,"Bangkok, Thailand, Myanmar, Mandalay",13.7524938,100.4935089
65,https://www.bostonherald.com/2025/03/28/the-latest-major-earthquakes-strike-myanmar-and-thailand/,The Latest: Major earthquakes strike Myanmar and Thailand,2025-03-28,text_65.txt,images/image_65_1.jpg,"Bangkok, Thailand, Myanmar",13.7524938,100.4935089
66,https://news.sky.com/story/strong-earthquake-hits-myanmar-prompting-evacuations-as-far-away-as-bangkok-13337081,"Strong earthquake hits Myanmar, prompting evacuations as far away as Bangkok",2025-03-28,text_66.txt,images/image_66_1.jpg,"Bangkok, Myanmar",13.7524938,100.4935089
67,https://www.bangkokpost.com/world/2990457/usgs-modelling-estimates-toll-could-exceed-10-000-as-international-aid-starts-to-arrive,"Myanmar quake death toll exceeds 1,000 as aid starts to arrive",2025-03-28,text_67.txt,images/image_67_1.jpg,Myanmar,17.1750495,95.9999652
68,https://japantoday.com/category/world/myanmar-quake-death-toll-passes-1-600-as-junta-lets-in-foreign-rescuers1,"Myanmar quake death toll passes 1,600, as junta lets in foreign rescuers",2025-03-28,text_68.txt,,Myanmar,17.1750495,95.9999652
69,https://www.npr.org/2025/03/28/nx-s1-5343417/myanmar-thailand-earthquake-bangkok-mandalay,"Earthquake rocks Thailand and Myanmar, triggering the collapse of a Bangkok high-rise",2025-03-28,text_69.txt,images/image_69_1.jpg,"Bangkok, Thailand, Myanmar",13.7524938,100.4935089
70,https://www.ibtimes.com/fears-hopes-collapsed-mandalay-school-3768124,Fears And Hopes At Collapsed Mandalay School,2025-03-28,text_70.txt,images/image_70_1.jpg,,,
71,https://www.mediaite.com/news/asinine-sky-news-torched-for-blaming-trump-and-doge-for-suffering-after-myanmar-quake/,‘ASININE’: Sky News TORCHED for Blaming Trump and DOGE for Suffering After Myanmar Quake,2025-03-28,text_71.txt,,"Britain, Suffering, Myanmar",54.3151594,-1.9181532111487878
72,https://abcnews.go.com/Technology/wireStory/earthquakes-hit-myanmar-120268626,What to know about earthquakes like the one that hit Myanmar,2025-03-28,text_72.txt,images/image_72_1.jpg,"Bangkok, Earth, Mandalay, Myanmar",13.7524938,100.4935089
73,https://www.bangkokpost.com/thailand/general/2990536/thai-military-to-aid-search-and-rescue-in-myanmar,Thai military to aid search and rescue in Myanmar,2025-03-28,text_73.txt,images/image_73_1.jpg,Myanmar,17.1750495,95.9999652
74,https://www.politico.eu/article/myanmar-earthquake-death-toll-tops-1000/,"Myanmar earthquake death toll tops 1,000",2025-03-28,text_74.txt,images/image_74_1.jpg,Myanmar,17.1750495,95.9999652
75,https://www.newsweek.com/thailand-earthquake-videos-bangkok-buildings-today-wobble-collapse-2051911,"Thailand Earthquake Videos Shows Bangkok Buildings Wobble, Collapse",2025-03-28,text_75.txt,images/image_75_1.jpg,"Bangkok, Thailand",13.7524938,100.4935089
76,https://www.insurancejournal.com/news/international/2025/03/28/817593.htm,Myanmar Junta Asks for Aid as Death Toll From Massive Quake Nears 150,2025-03-28,text_76.txt,images/image_76_1.jpg,"US, Myanmar",39.7837304,-100.445882
77,https://www.abc.net.au/news/2025-03-29/myanmar-issues-rare-call-for-international-help-after-earthquake/105111720,Rare plea for help from Myanmar military after 144 people killed in earthquake disaster,2025-03-28,text_77.txt,images/image_77_1.jpg,Myanmar,17.1750495,95.9999652
78,https://japantoday.com/category/world/rescuers-dig-for-survivors-after-huge-quake-hits-myanmar-thailand,"Rescuers dig for survivors after huge quake hits Myanmar, Thailand",2025-03-28,text_78.txt,,"Sagaing, Thailand, Myanmar",24.4768486,95.47473996361609
79,https://www.channelnewsasia.com/asia/myanmar-thailand-earthquake-science-damage-5031291,The science behind the powerful earthquake in Myanmar and Thailand,2025-03-28,text_79.txt,images/image_79_1.jpg,"Sagaing, Thailand, Myanmar",24.4768486,95.47473996361609
80,https://www.irishtimes.com/photography/2025/03/28/in-pictures-myanmar-and-thailand-rocked-by-powerful-earthquake/,In pictures: Myanmar and Thailand rocked by powerful earthquake,2025-03-28,text_80.txt,images/image_80_1.jpg,"Vietnam, Thailand, Myanmar",15.9266657,107.9650855
81,https://www.bangkokpost.com/world/2990457/myanmar-quake-death-toll-nears-700-as-international-aid-starts-to-arrive,Myanmar quake death toll nears 700 as international aid starts to arrive,2025-03-28,text_81.txt,images/image_81_1.jpg,Myanmar,17.1750495,95.9999652
82,https://www.bangkokpost.com/thailand/general/2990417/quake-death-toll-in-bangkok-more-aftershocks-expected,"Quake death toll in Bangkok, more aftershocks expected",2025-03-28,text_82.txt,images/image_82_1.jpg,"Bangkok, Myanmar",13.7524938,100.4935089
83,https://news.sky.com/story/myanmar-earthquake-footage-shows-buildings-collapse-as-more-than-1-600-killed-and-3-408-injured-13337674,"More than 1,600 dead in Myanmar earthquake - as footage shows dramatic building collapse",2025-03-28,text_83.txt,images/image_83_1.jpg,Myanmar,17.1750495,95.9999652
84,https://www.independent.ie/world-news/asia-pacific/strong-earthquake-strikes-central-myanmar-buildings-shake-1000km-away-in-bangkok-reports/a1162450443.html,"Strong earthquake strikes central Myanmar, buildings shake 1,000km away in Bangkok – reports",2025-03-28,text_84.txt,images/image_84_1.jpg,"Bangkok, Myanmar",13.7524938,100.4935089
85,https://time.com/7272793/myanmar-earthquake-death-toll-thailand-missing-persons/,"Myanmar’s Earthquake Death Toll Jumps to More Than 1,600 as Rescue Efforts Continue",2025-03-28,text_85.txt,images/image_85_1.jpg,Myanmar,17.1750495,95.9999652
86,https://www.bostonherald.com/2025/03/28/earthquake-thailand-bangkok-myanmar/,"Powerful earthquake rocks Myanmar and Thailand, killing at least 3 in Bangkok high-rise collapse",2025-03-28,text_86.txt,images/image_86_1.jpg,"Bangkok, Thailand, Myanmar",13.7524938,100.4935089
87,https://theconversation.com/thousands-are-feared-dead-in-myanmars-quake-trumps-usaid-cuts-will-cause-even-more-unnecessary-deaths-253403,Thousands are feared dead in Myanmar’s quake. Trump’s USAID cuts will cause even more unnecessary deaths,2025-03-28,text_87.txt,images/image_87_1.jpg,Myanmar,17.1750495,95.9999652
88,https://www.bangkokpost.com/world/2990427/myanmar-quake-death-toll-expected-to-rise-as-junta-seeks-aid,Myanmar quake death toll expected to rise as junta seeks aid,2025-03-28,text_88.txt,images/image_88_1.jpg,Myanmar,17.1750495,95.9999652
89,https://www.bbc.com/news/articles/cgm1m0j4k9go,King sends message of condolence after Myanmar earthquake,2025-03-29,text_89.txt,images/image_89_1.jpg,Myanmar,17.1750495,95.9999652
90,https://www.npr.org/2025/03/29/g-s1-57186/photos-see-the-aftermath-of-the-earthquake-in-myanmar-and-thailand,Photos: See the aftermath of the earthquake in Myanmar and Thailand,2025-03-29,text_90.txt,images/image_90_1.jpg,"Thailand, Myanmar",14.8971921,100.83273
91,https://www.npr.org/2025/03/30/g-s1-57213/medical-supplies-in-great-need-as-aid-flows-into-myanmar-after-earthquake,Medical supplies in great need as aid flows into Myanmar after earthquake,2025-03-29,text_91.txt,images/image_91_1.jpg,"Thailand, Southeast Asia, Myanmar",14.8971921,100.83273
92,https://www.bbc.com/news/articles/cy7x7r8m3xlo,Junta carries out fresh air strikes against rebels after devastation,2025-03-29,text_92.txt,images/image_92_1.jpg,"Naung Lin Village, Myanmar",,
93,https://www.npr.org/2025/03/29/g-s1-57121/myanmar-earthquake-death-toll-jumps,"Myanmar's earthquake death toll jumps to more than 1,000 as more bodies are recovered",2025-03-29,text_93.txt,images/image_93_1.jpg,Myanmar,17.1750495,95.9999652
94,https://time.com/7272824/how-to-help-victims-of-myanmar-earthquake-thailand-relief-efforts/,How to Help Victims of the Myanmar Earthquake,2025-03-29,text_94.txt,images/image_94_1.jpg,"Southeast Asia, Myanmar",-8.7287308,115.2365646
95,https://www.bbc.com/news/videos/cewkwe9z4g9o,Myanmar earthquake: Moment rescuers pull woman alive from rubble,2025-03-29,text_95.txt,images/image_95_1.jpg,"Mandalay, Myanmar",21.9596834,96.0948743
96,https://appleinsider.com/articles/25/03/30/apple-donates-to-relief-efforts-after-myanmar-thailand-earthquake,Apple donates to relief efforts after Myanmar-Thailand earthquake,2025-03-29,text_96.txt,images/image_96_1.jpg,"Thailand, Myanmar",14.8971921,100.83273
97,https://www.bbc.com/news/articles/c8d4dn18nzgo,What caused the Myanmar earthquake - and why did it cause a building in Bangkok to collapse?,2025-03-29,text_97.txt,images/image_97_1.jpg,"Bangkok, Myanmar",13.7524938,100.4935089
98,https://www.bbc.com/news/articles/c5y0y1py7ppo,"Myanmar quake toll passes 1,600 as people dig for survivors with bare hands",2025-03-29,text_98.txt,images/image_98_1.jpg,Myanmar,17.1750495,95.9999652
99,https://www.yahoo.com/news/aid-rescuers-quake-hit-myanmar-103734101.html,'We need aid': rescuers in quake-hit Myanmar city plead for help,2025-03-29,text_99.txt,images/image_99_1.jpg,Myanmar,17.1750495,95.9999652
100,https://www.aljazeera.com/news/2025/3/29/myanmar-thailand-earthquake-death-toll-passes-700,Myanmar-Thailand earthquake death toll passes 700,2025-03-29,text_100.txt,images/image_100_1.jpg,"Thailand, Myanmar",14.8971921,100.83273
101,https://www.aljazeera.com/news/2025/3/30/foreign-aid-rushed-to-quake-hit-myanmar-as-more-than-1600-killed,"Foreign aid rushed to quake-hit Myanmar as more than 1,600 killed",2025-03-29,text_101.txt,images/image_101_1.jpg,Myanmar,17.1750495,95.9999652
102,https://www.bbc.com/news/articles/c4gpgylq0qno,"At least 15 still alive under Bangkok skyscraper rubble, rescuers say",2025-03-29,text_102.txt,images/image_102_1.jpg,Bangkok,13.7524938,100.4935089
103,https://www.aljazeera.com/news/2025/3/29/lack-of-equipment-stalls-race-to-save-earthquake-survivors-in-myanmar,Lack of equipment stalls race to save earthquake survivors in Myanmar,2025-03-29,text_103.txt,images/image_103_1.jpg,"Bangkok, Myanmar, Mandalay",13.7524938,100.4935089
104,https://www.aljazeera.com/news/2025/3/30/smell-of-death-fills-the-air-near-epicentre-of-myanmar-earthquake,Smell of death ‘fills the air’ near epicentre of Myanmar earthquake,2025-03-29,text_104.txt,images/image_104_1.jpg,Myanmar,17.1750495,95.9999652
105,https://www.aljazeera.com/gallery/2025/3/30/myanmar-earthquake-kills-over-1600-and-leaves-countless-buried,"Myanmar earthquake kills over 1,600 and leaves countless buried",2025-03-29,text_105.txt,images/image_105_1.jpg,Myanmar,17.1750495,95.9999652
106,https://www.aljazeera.com/news/2025/3/29/myanmar-quake-muslims-feared-dead-destroyed-mosques,"Hundreds of Muslims feared dead in Myanmar earthquake, mosques destroyed",2025-03-29,text_106.txt,images/image_106_1.jpg,Myanmar,17.1750495,95.9999652
107,https://www.businessinsider.com/satellite-images-before-after-earthquake-myanmar-2025-3,Satellite images show the widespread destruction in Myanmar after a 7.7-magnitude earthquake,2025-03-29,text_107.txt,images/image_107_1.jpg,Myanmar,17.1750495,95.9999652
108,https://www.abc.net.au/news/2025-03-31/myanmar-earthquake-rescue-china-russia-teams-arrive/105115410,Window for Myanmar quake rescues closing as Russian and Chinese teams arrive,2025-03-29,text_108.txt,images/image_108_1.jpg,"South-East, Myanmar",-24.62994925,26.045475779882622
109,https://www.yahoo.com/news/myanmar-quake-nation-unprepared-disaster-065129000.html,Myanmar quake: a nation unprepared for disaster,2025-03-29,text_109.txt,images/image_109_1.jpg,Myanmar,17.1750495,95.9999652
110,https://www.rt.com/news/614931-myanmar-earthquake-thailand-mandalay/,"Death toll from earthquake in Myanmar surpasses 1,000 (VIDEOS)",2025-03-29,text_110.txt,images/image_110_1.jpg,Myanmar,17.1750495,95.9999652
111,https://www.abc.net.au/news/2025-03-30/myanmar-earthquake-prompts-partial-ceasefire/105113590,Myanmar resistance movement announces partial ceasefire in wake of earthquake,2025-03-29,text_111.txt,images/image_111_1.jpg,Myanmar,17.1750495,95.9999652
112,https://www.cbsnews.com/news/myanmar-earthquake-death-toll-jumps-search-efforts-continue/,"More than 1,000 killed in Myanmar earthquake as search efforts continue",2025-03-29,text_112.txt,images/image_112_1.jpg,"Burma, Myanmar",17.1750495,95.9999652
113,https://www.bbc.com/news/articles/cy7x7r8m3xlo?xtor=AL-72-%5Bpartner%5D-%5Byahoo.north.america%5D-%5Bheadline%5D-%5Bnews%5D-%5Bbizdev%5D-%5Bisapi%5D,Myanmar junta continues air strikes after devastating earthquake,2025-03-29,text_113.txt,images/image_113_1.jpg,Myanmar,17.1750495,95.9999652
114,https://www.ibtimes.com/aftershocks-rattle-myanmar-rescuers-search-survivors-3768216,Aftershocks Rattle Myanmar As Rescuers Search For Survivors,2025-03-29,text_114.txt,images/image_114_1.jpg,"Thailand, Myanmar",14.8971921,100.83273
115,https://www.thestar.com.my/news/nation/2025/03/31/malaysia-pledges-rm10mil-in-aid-for-myanmar,Malaysia pledges RM10mil in aid for Myanmar,2025-03-29,text_115.txt,images/image_115_1.jpg,"Malaysia, Myanmar",4.5693754,102.2656823
116,https://www.ibtimes.com/tears-prayers-search-monks-trapped-myanmar-quake-3768176,"Tears, Prayers In Search For Monks Trapped By Myanmar Quake",2025-03-29,text_116.txt,images/image_116_1.jpg,Myanmar,17.1750495,95.9999652
117,https://www.ibtimes.com/myanmar-quake-what-we-know-3768087,Myanmar Quake: What We Know,2025-03-29,text_117.txt,images/image_117_1.jpg,"Thailand, Myanmar",14.8971921,100.83273
118,https://www.ibtimes.com/aftershocks-rattle-mandalay-rescuers-search-survivors-myanmar-quake-3768153,Aftershocks Rattle Mandalay As Rescuers Search For Survivors In Myanmar Quake,2025-03-29,text_118.txt,images/image_118_1.jpg,"Mandalay, Myanmar",21.9596834,96.0948743
119,https://www.ibtimes.com/myanmar-quake-nation-unprepared-disaster-3768169,Myanmar Quake: A Nation Unprepared For Disaster,2025-03-29,text_119.txt,images/image_119_1.jpg,Myanmar,17.1750495,95.9999652
120,https://japantoday.com/category/world/aftershocks-rattle-mandalay-as-rescuers-search-for-survivors-in-myanmar-quake,Aftershocks rattle Mandalay as rescuers search for survivors in Myanmar quake,2025-03-29,text_120.txt,,"Mandalay, Myanmar",21.9596834,96.0948743
121,https://www.bangkokpost.com/world/2991266/aftershocks-rattle-myanmar-as-rescuers-search-for-survivors,Aftershocks rattle Myanmar as rescuers search for survivors,2025-03-29,text_121.txt,images/image_121_1.jpg,"Thailand, Myanmar",14.8971921,100.83273
122,https://liveandletsfly.com/myanmar-thailand-earthquake-devastation-heartbreaking-video/,"Myanmar-Thailand Earthquake Devastation, Heartbreaking Video",2025-03-29,text_122.txt,images/image_122_1.jpg,"Thailand, Myanmar",14.8971921,100.83273
123,https://www.dw.com/en/myanmar-earthquake-death-toll-jumps-to-over-1600/live-72080533,"Myanmar earthquake death toll jumps to over 1,600",2025-03-29,text_123.txt,images/image_123_1.jpg,Myanmar,17.1750495,95.9999652
124,https://www.thestar.com.my/aseanplus/aseanplus-news/2025/03/29/malaysia-deploys-50-member-humanitarian-team-to-myanmar-following-deadly-quake,Malaysia deploys 50-member humanitarian team to Myanmar following deadly quake,2025-03-29,text_124.txt,images/image_124_1.jpg,"Malaysia, Myanmar",4.5693754,102.2656823
125,https://www.ibtimes.com/scientists-explain-why-myanmar-quake-was-so-deadly-3768107,Scientists Explain Why Myanmar Quake Was So Deadly,2025-03-29,text_125.txt,images/image_125_1.jpg,Myanmar,17.1750495,95.9999652
126,https://www.ibtimes.com/we-need-aid-rescuers-quake-hit-myanmar-city-plead-help-3768118,'We Need Aid': Rescuers In Quake-hit Myanmar City Plead For Help,2025-03-29,text_126.txt,images/image_126_1.jpg,Myanmar,17.1750495,95.9999652
127,https://www.dw.com/en/myanmar-thailand-quake-rescuers-scramble-to-find-survivors/a-72085949,Myanmar-Thailand quake: Rescuers scramble to find survivors,2025-03-29,text_127.txt,images/image_127_1.jpg,"Thailand, Myanmar",14.8971921,100.83273
128,https://japantoday.com/category/world/myanmar-quake-death-toll-hits-1-700-as-aid-scramble-intensifies2,"Myanmar quake death toll hits 1,700 as aid scramble intensifies",2025-03-29,text_128.txt,,Myanmar,17.1750495,95.9999652
129,https://www.bostonherald.com/2025/03/29/what-to-know-about-earthquakes-like-the-one-that-hit-myanmar/,What to know about earthquakes like the one that hit Myanmar,2025-03-29,text_129.txt,images/image_129_1.jpg,"Bangkok, Earth, Mandalay, Myanmar",13.7524938,100.4935089
130,https://www.ibtimes.com/rescuers-dig-survivors-after-huge-quake-hits-myanmar-thailand-3768085,"Rescuers Dig For Survivors After Huge Quake Hits Myanmar, Thailand",2025-03-29,text_130.txt,images/image_130_1.jpg,"Thailand, Myanmar",14.8971921,100.83273
131,https://www.bangkokpost.com/world/2990624/quake-struck-as-worshippers-gathered-for-ramadan-prayers-in-myanmar,Myanmar quake struck mosques as minority Muslims gathered for Ramadan prayers,2025-03-29,text_131.txt,images/image_131_1.jpg,"Mandalay, Myanmar",21.9596834,96.0948743
132,https://www.newsweek.com/myanmar-mandalay-earthquake-thousands-dead-aftershock-2052713,Another Earthquake Hits Myanmar as Rescue Efforts Continue,2025-03-29,text_132.txt,images/image_132_1.jpg,"Mandalay, Myanmar",21.9596834,96.0948743
133,https://www.bangkokpost.com/world/2990974/myanmar-quake-a-nation-unprepared-for-disaster,Myanmar quake: a nation unprepared for disaster,2025-03-29,text_133.txt,images/image_133_1.jpg,Myanmar,17.1750495,95.9999652
134,https://www.ibtimes.com/myanmar-junta-accused-air-strike-even-after-quake-3768191,Myanmar Junta Accused Of Air Strike Even After Quake,2025-03-29,text_134.txt,images/image_134_1.jpg,Myanmar,17.1750495,95.9999652
135,https://www.bangkokpost.com/world/2990889/aftershocks-rattle-mandalay-as-rescuers-search-for-survivors-in-myanmar-quake,Aftershocks rattle Mandalay as rescuers search for survivors in Myanmar quake,2025-03-29,text_135.txt,images/image_135_1.jpg,"Mandalay, Myanmar",21.9596834,96.0948743
136,https://www.newsweek.com/myanmar-earthquake-death-toll-disaster-2052504,"Myanmar Earthquake Death Toll Could Be up to 100,000: USGS",2025-03-29,text_136.txt,images/image_136_1.jpg,"Thailand, Myanmar",14.8971921,100.83273
137,https://www.newsweek.com/satellite-images-show-myanmar-earthquake-devastation-2052832,Satellite Images Show Before and After Myanmar Earthquake Devastation,2025-03-29,text_137.txt,images/image_137_1.jpg,"Thailand, Myanmar",14.8971921,100.83273
138,https://www.abc.net.au/news/2025-03-31/myanmar-earthquake-rescue-china-russia-teams-arrive-/105115410,Window for Myanmar quake rescues closing as Russian and Chinese teams arrive,2025-03-29,text_138.txt,images/image_138_1.jpg,"South-East, Myanmar",-24.62994925,26.045475779882622
139,https://www.bangkokpost.com/world/2990457/usgs-modelling-estimates-toll-could-exceed-10-000-as-international-aid-starts-to-arrive,"Myanmar quake death toll exceeds 1,000 as aid starts to arrive",2025-03-29,text_139.txt,images/image_139_1.jpg,Myanmar,17.1750495,95.9999652
140,https://japantoday.com/category/world/myanmar-quake-death-toll-passes-1-600-as-junta-lets-in-foreign-rescuers1,"Myanmar quake death toll passes 1,600, as junta lets in foreign rescuers",2025-03-29,text_140.txt,,Myanmar,17.1750495,95.9999652
141,https://www.ibtimes.com/fears-hopes-collapsed-mandalay-school-3768124,Fears And Hopes At Collapsed Mandalay School,2025-03-29,text_141.txt,images/image_141_1.jpg,,,
142,https://www.mediaite.com/news/asinine-sky-news-torched-for-blaming-trump-and-doge-for-suffering-after-myanmar-quake/,‘ASININE’: Sky News TORCHED for Blaming Trump and DOGE for Suffering After Myanmar Quake,2025-03-29,text_142.txt,,"Britain, Suffering, Myanmar",54.3151594,-1.9181532111487878
143,https://www.bangkokpost.com/thailand/general/2990536/thai-military-to-aid-search-and-rescue-in-myanmar,Thai military to aid search and rescue in Myanmar,2025-03-29,text_143.txt,images/image_143_1.jpg,Myanmar,17.1750495,95.9999652
144,https://www.politico.eu/article/myanmar-earthquake-death-toll-tops-1000/,"Myanmar earthquake death toll tops 1,000",2025-03-29,text_144.txt,images/image_144_1.jpg,Myanmar,17.1750495,95.9999652
145,https://www.yahoo.com/news/india-sends-four-ships-carrying-163817481.html,India sends four ships carrying earthquake aid to Myanmar,2025-03-29,text_145.txt,images/image_145_1.jpg,"India, Myanmar",22.3511148,78.6677428
146,https://www.channelnewsasia.com/asia/mandalay-myanmar-rescue-efforts-earthquake-bangkok-thailand-5033136,Aftershocks rattle Mandalay as rescuers search for survivors in Myanmar quake,2025-03-29,text_146.txt,images/image_146_1.jpg,"Thailand, Mandalay, Myanmar",14.8971921,100.83273
147,https://japantoday.com/category/world/rescuers-dig-for-survivors-after-huge-quake-hits-myanmar-thailand,"Rescuers dig for survivors after huge quake hits Myanmar, Thailand",2025-03-29,text_147.txt,,"Sagaing, Thailand, Myanmar",24.4768486,95.47473996361609
148,https://punchng.com/death-toll-in-myanmar-earthquake-rises-above-1600/,"Death toll in Myanmar earthquake rises above 1,600",2025-03-29,text_148.txt,images/image_148_1.jpg,Myanmar,17.1750495,95.9999652
149,https://www.bangkokpost.com/world/2990457/myanmar-quake-death-toll-nears-700-as-international-aid-starts-to-arrive,Myanmar quake death toll nears 700 as international aid starts to arrive,2025-03-29,text_149.txt,images/image_149_1.jpg,Myanmar,17.1750495,95.9999652
150,https://www.thehindubusinessline.com/news/myanmar-earthquake-51-magnitude-earthquake-hits-near-mandalay-in-myanmar-latest-in-string-of-aftershocks/article69392998.ece,"Myanmar earthquake: 5.1 magnitude earthquake hits near Mandalay in Myanmar, latest in string of aftershocks",2025-03-29,text_150.txt,images/image_150_1.jpg,Myanmar,17.1750495,95.9999652
151,https://www.bangkokpost.com/thailand/general/2990417/quake-death-toll-in-bangkok-more-aftershocks-expected,"Quake death toll in Bangkok, more aftershocks expected",2025-03-29,text_151.txt,images/image_151_1.jpg,"Bangkok, Myanmar",13.7524938,100.4935089
152,https://news.sky.com/story/myanmar-earthquake-footage-shows-buildings-collapse-as-more-than-1-600-killed-and-3-408-injured-13337674,"More than 1,600 dead in Myanmar earthquake - as footage shows dramatic building collapse",2025-03-29,text_152.txt,images/image_152_1.jpg,Myanmar,17.1750495,95.9999652
153,https://www.bangkokpost.com/thailand/general/2990959/thai-quake-death-toll-reaches-17-with-77-missing-monorail-still-halted,"Thai quake death toll reaches 17 with 77 missing, monorail still halted",2025-03-29,text_153.txt,images/image_153_1.jpg,"Bangkok, Thailand, Nonthaburi, Myanmar",13.7524938,100.4935089
154,https://www.independent.ie/world-news/asia-pacific/myanmar-now-hit-by-51-magnitude-aftershock-following-fridays-earthquake/a953682630.html,Myanmar now hit by 5.1-magnitude aftershock following Friday’s earthquake,2025-03-29,text_154.txt,images/image_154_1.jpg,Myanmar,17.1750495,95.9999652
155,https://time.com/7272793/myanmar-earthquake-death-toll-thailand-missing-persons/,"Myanmar’s Earthquake Death Toll Jumps to More Than 1,600 as Rescue Efforts Continue",2025-03-29,text_155.txt,images/image_155_1.jpg,Myanmar,17.1750495,95.9999652
156,https://www.bangkokpost.com/world/2990631/fears-and-hopes-at-collapsed-mandalay-school,Fears and hopes at collapsed Mandalay school,2025-03-29,text_156.txt,images/image_156_1.jpg,,,
157,https://www.globalsecurity.org/wmd/library/news/myanmar/2025/myanmar-250329-pdo01.htm,"Devastating earthquake in Myanmar claims over 1,000 lives, over 2,300 injuries",2025-03-29,text_157.txt,,Myanmar,17.1750495,95.9999652
158,https://abcnews.go.com/International/wireStory/51-magnitude-earthquake-hits-mandalay-myanmar-latest-string-120307928,5.1 magnitude earthquake hits near Mandalay in Myanmar,2025-03-29,text_158.txt,images/image_158_1.jpg,Myanmar,17.1750495,95.9999652
159,https://www.bangkokpost.com/world/2991174/myanmar-junta-accused-of-air-strike-even-after-quake,Myanmar junta accused of air strike even after quake,2025-03-29,text_159.txt,images/image_159_1.jpg,Myanmar,17.1750495,95.9999652
160,https://theconversation.com/thousands-are-feared-dead-in-myanmars-quake-trumps-usaid-cuts-will-cause-even-more-unnecessary-deaths-253403,Thousands are feared dead in Myanmar’s quake. Trump’s USAID cuts will cause even more unnecessary deaths,2025-03-29,text_160.txt,images/image_160_1.jpg,Myanmar,17.1750495,95.9999652
161,https://www.bangkokpost.com/world/2990427/myanmar-quake-death-toll-expected-to-rise-as-junta-seeks-aid,Myanmar quake death toll expected to rise as junta seeks aid,2025-03-29,text_161.txt,images/image_161_1.jpg,Myanmar,17.1750495,95.9999652
162,https://punchng.com/experts-link-myanmars-building-boom-to-earthquake/,Experts link Myanmar’s building boom to earthquake,2025-03-29,text_162.txt,images/image_162_1.jpg,Myanmar,17.1750495,95.9999652
163,https://www.independent.ie/world-news/asia-pacific/myanmar-quake-death-toll-hits-1700-as-aid-scramble-intensifies/a953682630.html,"Myanmar quake death toll hits 1,700 as aid scramble intensifies",2025-03-29,text_163.txt,images/image_163_1.jpg,Myanmar,17.1750495,95.9999652
164,https://www.globalsecurity.org/wmd/library/news/myanmar/2025/myanmar-250328-rferl01.htm,"More Than 150 Killed, Scores Missing After Powerful Quake Hits Myanmar, Thailand",2025-03-29,text_164.txt,,"Thailand, Southeast Asia, Myanmar",14.8971921,100.83273
165,https://www.hurriyetdailynews.com/myanmar-quake-toll-passes-1-000-as-rescuers-dig-for-survivors-207461,"Myanmar quake toll passes 1,000 as rescuers dig for survivors",2025-03-29,text_165.txt,images/image_165_1.jpg,"Thailand, Myanmar",14.8971921,100.83273
166,https://www.globalsecurity.org/wmd/library/news/myanmar/2025/myanmar-250329-rfa01.htm,"1,600 killed in Myanmar quake, UN reports severe damage to critical infrastructure",2025-03-29,text_166.txt,,Myanmar,17.1750495,95.9999652
167,https://www.globalsecurity.org/wmd/library/news/myanmar/2025/myanmar-250329-rferl01.htm,"Myanmar Quake Death Toll Crosses 1,600, Scores Still Missing",2025-03-29,text_167.txt,,"Thailand, Southeast Asia",14.8971921,100.83273
168,https://www.globalsecurity.org/wmd/library/news/myanmar/2025/myanmar-250328-unnews01.htm,UN teams ramp up response to deadly quake in Myanmar and Thailand,2025-03-29,text_168.txt,,"Thailand, Myanmar",14.8971921,100.83273
169,https://www.hurriyetdailynews.com/myanmar-earthquake-death-toll-jumps-to-1-644-with-over-3-000-injured-207468,"Myanmar earthquake death toll jumps to 1,644 with over 3,000 injured",2025-03-29,text_169.txt,images/image_169_1.jpg,Myanmar,17.1750495,95.9999652
170,https://www.globalsecurity.org/wmd/library/news/myanmar/2025/myanmar-250328-rfa01.htm,"Powerful earthquake hits Myanmar and Thailand, killing more than 150 people",2025-03-29,text_170.txt,,"Thailand, Myanmar",14.8971921,100.83273
171,https://news.sky.com/story/myanmar-earthquake-number-of-dead-could-exceed-10-000-experts-say-13338552,"Number of dead in Myanmar earthquake 'could exceed 10,000'",2025-03-29,text_171.txt,images/image_171_1.jpg,Myanmar,17.1750495,95.9999652
172,https://abcnews.go.com/International/wireStory/officials-survey-damage-myanmars-earthquake-devastated-central-areas-120309297,Officials survey damage in Myanmar's earthquake-devastated central areas,2025-03-29,text_172.txt,images/image_172_1.jpg,"Thailand, Myanmar",14.8971921,100.83273
173,https://www.channelnewsasia.com/asia/myanmar-thailand-earthquake-survivors-rescuers-deaths-bangkok-building-collapse-chatuchak-5031986,"Rescuers dig for survivors after huge quake hits Myanmar, Thailand",2025-03-29,text_173.txt,images/image_173_1.jpg,"Thailand, Myanmar",14.8971921,100.83273
174,https://nypost.com/2025/03/29/world-news/myanmar-earthquake-death-toll-over-1000-as-aid-sent-to-asia-country-thailand-and-china/,"Myanmar’s earthquake death toll jumps above 1,000 as more bodies recovered from rubble of collapsed buildings",2025-03-29,text_174.txt,images/image_174_1.jpg,Myanmar,17.1750495,95.9999652
175,https://www.thejournal.ie/myanmar-aftershock-earthquake-6663122-Mar2025/,Myanmar hit by 5.1-magnitude aftershock two days after major earthquake as recovery efforts continue,2025-03-29,text_175.txt,images/image_175_1.jpg,Myanmar,17.1750495,95.9999652
176,https://www.irishtimes.com/world/asia-pacific/2025/03/29/myanmar-earthquake-death-toll-hits-1000-as-international-aid-starts-to-arrive/,"Myanmar earthquake death toll hits 1,000 as international aid starts to arrive",2025-03-29,text_176.txt,images/image_176_1.jpg,Myanmar,17.1750495,95.9999652
177,https://www.channelnewsasia.com/asia/more-90-feared-trapped-quake-hit-myanmar-apartment-block-5032296,More than 90 feared trapped in quake-hit Myanmar apartment block,2025-03-29,text_177.txt,images/image_177_1.jpg,"Mandalay, Myanmar",21.9596834,96.0948743
178,https://www.irishtimes.com/world/asia-pacific/2025/03/30/myanmar-thailand-earthquake-latest-updates/,"Myanmar earthquake: More than 1,600 killed as international aid and rescue personnel arrive",2025-03-29,text_178.txt,images/image_178_1.jpg,Myanmar,17.1750495,95.9999652
179,https://www.upi.com/Top_News/World-News/2025/03/29/Myanmar-earthquake-death-toll/5401743253932/,"Death toll in Myanmar earthquake tops 1,600; 18 million people impacted",2025-03-29,text_179.txt,images/image_179_1.jpg,"China, Thailand, Myanmar",35.0000663,104.999955
180,https://www.ibtimes.com/aftershocks-rattle-mandalay-rescuers-search-survivors-myanmar-quake-3768153,Aftershocks Rattle Mandalay As Rescuers Search For Survivors In Myanmar Quake,2025-03-30,text_180.txt,images/image_180_1.jpg,"Mandalay, Myanmar",21.9596834,96.0948743
181,https://www.bangkokpost.com/world/2990889/aftershocks-rattle-mandalay-as-rescuers-search-for-survivors-in-myanmar-quake,Aftershocks rattle Mandalay as rescuers search for survivors in Myanmar quake,2025-03-30,text_181.txt,images/image_181_1.jpg,"Mandalay, Myanmar",21.9596834,96.0948743
182,https://www.channelnewsasia.com/asia/mandalay-myanmar-rescue-efforts-earthquake-bangkok-thailand-5033136,Aftershocks rattle Mandalay as rescuers search for survivors in Myanmar quake,2025-03-30,text_182.txt,images/image_182_1.jpg,"Thailand, Mandalay, Myanmar",14.8971921,100.83273
183,https://punchng.com/death-toll-in-myanmar-earthquake-rises-above-1600/,"Death toll in Myanmar earthquake rises above 1,600",2025-03-30,text_183.txt,images/image_183_1.jpg,Myanmar,17.1750495,95.9999652
184,https://www.bangkokpost.com/world/2990631/fears-and-hopes-at-collapsed-mandalay-school,Fears and hopes at collapsed Mandalay school,2025-03-30,text_184.txt,images/image_184_1.jpg,,,
185,https://www.digitaljournal.com/world/aftershocks-rattle-mandalay-as-rescuers-search-for-survivors-in-myanmar-quake/article,Aftershocks rattle Mandalay as rescuers search for survivors in Myanmar quake,2025-03-30,text_185.txt,,"Mandalay, Myanmar",21.9596834,96.0948743
186,https://www.ndtv.com/world-news/myanmar-earthquake-live-thailand-earthquake-live-inside-operation-brahma-indias-mega-aid-plan-for-earthquake-hit-myanmar-8043962,Inside Operation Brahma: India's Mega Aid Plan For Earthquake-Hit Myanmar,2025-03-30,text_186.txt,images/image_186_1.jpg,"India, New Delhi, Myanmar",22.3511148,78.6677428
187,https://economictimes.indiatimes.com/news/international/global-trends/aftershocks-rattle-mandalay-as-rescuers-search-for-survivors-in-myanmar-earthquake/articleshow/119736437.cms,Aftershocks rattle Mandalay as rescuers search for survivors in Myanmar earthquake,2025-03-30,text_187.txt,images/image_187_1.jpg,"Thailand, Mandalay, Myanmar",14.8971921,100.83273
188,https://www.nzherald.co.nz/nz/politics/myanmar-thailand-earthquake-kiwi-hotel-manager-praised-for-calm-response/VZC7OH2LOZE37F5B7HAPUPOXKE/,Myanmar-Thailand earthquake: Kiwi hotel manager praised for calm response,2025-03-30,text_188.txt,images/image_188_1.jpg,"New Zealand, Thailand, Myanmar",-41.5000831,172.8344077
189,https://www.thestar.com.my/news/nation/2025/03/30/myanmar-quake-50-smart-team-members-heading-to-disaster-struck-country,Myanmar quake: 50 SMART team members heading to disaster-struck country,2025-03-30,text_189.txt,images/image_189_1.jpg,"Mandalay, Myanmar",21.9596834,96.0948743
190,https://7news.com.au/news/world/myanmar-earthquake-death-toll-climbs-beyond-1600-as-resistance-movement-agrees-to-ceasefire-c-18201931,Earthquake death toll climbs beyond 1600 as resistance movement agrees to ceasefire,2025-03-30,text_190.txt,images/image_190_1.jpg,,,
191,https://english.khabarhub.com/2025/30/453514/,Myanmar earthquake: Death toll jumps to 694,2025-03-30,text_191.txt,images/image_191_1.jpg,"Mandalay, Myanmar",21.9596834,96.0948743
